{
  "prepare_queue": {
    "installed": [],
    "uninstalled": []
  },
  "config_munge": {
    "files": {}
  },
  "installed_plugins": {
    "cordova-plugin-whitelist": {
      "PACKAGE_NAME": "com.pccu.w"
    },
    "cordova-plugin-network-information": {
      "PACKAGE_NAME": "com.pccu.w"
    }
  },
  "dependent_plugins": {},
  "modules": [
    {
      "file": "plugins/cordova-plugin-network-information/www/network.js",
      "id": "cordova-plugin-network-information.network",
      "pluginId": "cordova-plugin-network-information",
      "clobbers": [
        "navigator.connection",
        "navigator.network.connection"
      ]
    },
    {
      "file": "plugins/cordova-plugin-network-information/www/Connection.js",
      "id": "cordova-plugin-network-information.Connection",
      "pluginId": "cordova-plugin-network-information",
      "clobbers": [
        "Connection"
      ]
    },
    {
      "file": "plugins/cordova-plugin-network-information/src/browser/network.js",
      "id": "cordova-plugin-network-information.NetworkInfoProxy",
      "pluginId": "cordova-plugin-network-information",
      "runs": true
    }
  ],
  "plugin_metadata": {
    "cordova-plugin-whitelist": "1.3.4",
    "cordova-plugin-network-information": "2.0.2"
  }
}
