{"categories":[{"name":"food_","score":0.98046875}],"color":{"dominantColorForeground":"Grey","dominantColorBackground":"Grey","dominantColors":["Grey"],"accentColor":"9D772E","isBwImg":false,"isBWImg":false},"description":{"tags":["table","food","plate","sitting","tray","breakfast","filled","meal","different","wooden","eaten","bowl","glass","holding","meat","fruit"],"captions":[{"text":"a plate of food on a table","confidence":0.97192821012050223}]},"faces":[],"objects":[{"rectangle":{"x":817,"y":828,"w":246,"h":234},"object":"Bowl","confidence":0.662,"parent":{"object":"Tableware","confidence":0.666}},{"rectangle":{"x":133,"y":975,"w":233,"h":241},"object":"Bowl","confidence":0.755,"parent":{"object":"Tableware","confidence":0.757}},{"rectangle":{"x":464,"y":1045,"w":258,"h":255},"object":"Bowl","confidence":0.726,"parent":{"object":"Tableware","confidence":0.73}},{"rectangle":{"x":29,"y":310,"w":1079,"h":1093},"object":"table","confidence":0.501}],"requestId":"d0bcf116-06e5-4406-ae64-eeee69317c05","metadata":{"width":1108,"height":1477,"format":"Jpeg"}}