[{
	"title": "這個殺手不太冷",
	"original_title": "Léon",
	"rating": 9.4,
	"year": "1994",
	"image": "https://img3.doubanio.com/view/movie_poster_cover/ipst/public/p511118051.jpg",
	"alt": "https://movie.douban.com/subject/1295644/"
}, {
	"title": "霸王別姬",
	"original_title": "霸王別姬",
	"rating": 9.5,
	"year": "1993",
	"image": "https://img3.doubanio.com/view/movie_poster_cover/ipst/public/p1910813120.jpg",
	"alt": "https://movie.douban.com/subject/1291546/"
}, {
	"title": "阿甘正傳",
	"original_title": "Forrest Gump",
	"rating": 9.4,
	"year": "1994",
	"image": "https://img1.doubanio.com/view/movie_poster_cover/ipst/public/p510876377.jpg",
	"alt": "https://movie.douban.com/subject/1292720/"
}, {
	"title": "美麗人生",
	"original_title": "La vita è bella",
	"rating": 9.5,
	"year": "1997",
	"image": "https://img3.doubanio.com/view/movie_poster_cover/ipst/public/p510861873.jpg",
	"alt": "https://movie.douban.com/subject/1292063/"
}, {
	"title": "千與千尋",
	"original_title": "千と千尋の神隠し",
	"rating": 9.2,
	"year": "2001",
	"image": "https://img5.doubanio.com/view/movie_poster_cover/ipst/public/p1910830216.jpg",
	"alt": "https://movie.douban.com/subject/1291561/"
}, {
	"title": "辛德勒的名單",
	"original_title": "Schindler's List",
	"rating": 9.4,
	"year": "1993",
	"image": "https://img3.doubanio.com/view/movie_poster_cover/ipst/public/p492406163.jpg",
	"alt": "https://movie.douban.com/subject/1295124/"
}, {
	"title": "泰坦尼克號",
	"original_title": "Titanic",
	"rating": 9.2,
	"year": "1997",
	"image": "https://img3.doubanio.com/view/movie_poster_cover/ipst/public/p457760035.jpg",
	"alt": "https://movie.douban.com/subject/1292722/"
}, {
	"title": "海上鋼琴師",
	"original_title": "La leggenda del pianista sull'oceano",
	"rating": 9.2,
	"year": "1998",
	"image": "https://img1.doubanio.com/view/movie_poster_cover/ipst/public/p511146957.jpg",
	"alt": "https://movie.douban.com/subject/1292001/"
}, {
	"title": "機器人總動員",
	"original_title": "WALL·E",
	"rating": 9.3,
	"year": "2008",
	"image": "https://img3.doubanio.com/view/movie_poster_cover/ipst/public/p449665982.jpg",
	"alt": "https://movie.douban.com/subject/2131459/"
}, {
	"title": "盜夢空間",
	"original_title": "Inception",
	"rating": 9.2,
	"year": "2010",
	"image": "https://img3.doubanio.com/view/movie_poster_cover/ipst/public/p513344864.jpg",
	"alt": "https://movie.douban.com/subject/3541415/"
}, {
	"title": "三傻大鬧寶萊塢",
	"original_title": "3 Idiots",
	"rating": 9.1,
	"year": "2009",
	"image": "https://img3.doubanio.com/view/movie_poster_cover/ipst/public/p579729551.jpg",
	"alt": "https://movie.douban.com/subject/3793023/"
}, {
	"title": "放牛班的春天",
	"original_title": "Les choristes",
	"rating": 9.2,
	"year": "2004",
	"image": "https://img3.doubanio.com/view/movie_poster_cover/ipst/public/p1910824951.jpg",
	"alt": "https://movie.douban.com/subject/1291549/"
}, {
	"title": "忠犬八公的故事",
	"original_title": "Hachi: A Dog's Tale",
	"rating": 9.2,
	"year": "2009",
	"image": "https://img5.doubanio.com/view/movie_poster_cover/ipst/public/p524964016.jpg",
	"alt": "https://movie.douban.com/subject/3011091/"
}, {
	"title": "大話西遊之大聖娶親",
	"original_title": "西遊記大結局之仙履奇緣",
	"rating": 9.1,
	"year": "1995",
	"image": "https://img3.doubanio.com/view/movie_poster_cover/ipst/public/p648365452.jpg",
	"alt": "https://movie.douban.com/subject/1292213/"
}, {
	"title": "龍貓",
	"original_title": "となりのトトロ",
	"rating": 9.1,
	"year": "1988",
	"image": "https://img1.doubanio.com/view/movie_poster_cover/ipst/public/p1910829638.jpg",
	"alt": "https://movie.douban.com/subject/1291560/"
}, {
	"title": "教父",
	"original_title": "The Godfather",
	"rating": 9.2,
	"year": "1972",
	"image": "https://img3.doubanio.com/view/movie_poster_cover/ipst/public/p1910907404.jpg",
	"alt": "https://movie.douban.com/subject/1291841/"
}, {
	"title": "亂世佳人",
	"original_title": "Gone with the Wind",
	"rating": 9.2,
	"year": "1939",
	"image": "https://img3.doubanio.com/view/movie_poster_cover/ipst/public/p1963126880.jpg",
	"alt": "https://movie.douban.com/subject/1300267/"
}, {
	"title": "天堂電影院",
	"original_title": "Nuovo Cinema Paradiso",
	"rating": 9.1,
	"year": "1988",
	"image": "https://img3.doubanio.com/view/movie_poster_cover/ipst/public/p1910901025.jpg",
	"alt": "https://movie.douban.com/subject/1291828/"
}, {
	"title": "楚門的世界",
	"original_title": "The Truman Show",
	"rating": 9,
	"year": "1998",
	"image": "https://img3.doubanio.com/view/movie_poster_cover/ipst/public/p480420695.jpg",
	"alt": "https://movie.douban.com/subject/1292064/"
}, {
	"title": "當幸福來敲門",
	"original_title": "The Pursuit of Happyness",
	"rating": 8.9,
	"year": "2006",
	"image": "https://img1.doubanio.com/view/movie_poster_cover/ipst/public/p1312700628.jpg",
	"alt": "https://movie.douban.com/subject/1849031/"
}]